-- MySQL dump 10.13  Distrib 8.0.11, for macos10.13 (x86_64)
--
-- Host: localhost    Database: EPIDEMIK
-- ------------------------------------------------------
-- Server version	8.0.11

/*!40101 SET @OLD_CHARACTER_SET_CLIENT=@@CHARACTER_SET_CLIENT */;
/*!40101 SET @OLD_CHARACTER_SET_RESULTS=@@CHARACTER_SET_RESULTS */;
/*!40101 SET @OLD_COLLATION_CONNECTION=@@COLLATION_CONNECTION */;
 SET NAMES utf8mb4 ;
/*!40103 SET @OLD_TIME_ZONE=@@TIME_ZONE */;
/*!40103 SET TIME_ZONE='+00:00' */;
/*!40014 SET @OLD_UNIQUE_CHECKS=@@UNIQUE_CHECKS, UNIQUE_CHECKS=0 */;
/*!40014 SET @OLD_FOREIGN_KEY_CHECKS=@@FOREIGN_KEY_CHECKS, FOREIGN_KEY_CHECKS=0 */;
/*!40101 SET @OLD_SQL_MODE=@@SQL_MODE, SQL_MODE='NO_AUTO_VALUE_ON_ZERO' */;
/*!40111 SET @OLD_SQL_NOTES=@@SQL_NOTES, SQL_NOTES=0 */;

--
-- Table structure for table `DISEASE`
--

DROP TABLE IF EXISTS `DISEASE`;
/*!40101 SET @saved_cs_client     = @@character_set_client */;
 SET character_set_client = utf8mb4 ;
CREATE TABLE `DISEASE` (
  `date` date DEFAULT NULL,
  `disease_name` varchar(200) DEFAULT NULL,
  `date_healthy` date DEFAULT NULL,
  `username` varchar(200) DEFAULT NULL,
  `id` int(11) NOT NULL AUTO_INCREMENT,
  PRIMARY KEY (`id`),
  KEY `username` (`username`),
  CONSTRAINT `disease_ibfk_1` FOREIGN KEY (`username`) REFERENCES `user` (`username`)
) ENGINE=InnoDB AUTO_INCREMENT=725 DEFAULT CHARSET=utf8mb4 COLLATE=utf8mb4_0900_ai_ci;
/*!40101 SET character_set_client = @saved_cs_client */;

--
-- Dumping data for table `DISEASE`
--

LOCK TABLES `DISEASE` WRITE;
/*!40000 ALTER TABLE `DISEASE` DISABLE KEYS */;
INSERT INTO `DISEASE` VALUES ('2018-07-04','Common-Cold','2018-07-04','ryan-bradford',2),('2018-07-11','Common Cold',NULL,'27202717.889116623',3),('2018-07-11','Common Cold',NULL,'81965616.38656068',4),('2018-07-11','Common Cold',NULL,'43069916.57176189',5),('2018-07-11','Common Cold',NULL,'48071873.7626456',6),('2018-07-11','Common Cold','2018-07-11','25505802.03553152',7),('2018-07-11','Common Cold','2018-07-11','46465633.91352786',8),('2018-07-11','Common Cold','2018-07-11','69309023.46450552',9),('2018-07-11','Common Cold','2018-07-11','46137930.746882275',10),('2018-07-11','Common Cold','2018-07-11','83181717.32271075',11),('2018-07-11','Common Cold','2018-07-11','84116028.90200457',12),('2018-07-11','Common Cold','2018-07-11','83374185.88696666',13),('2018-07-11','Common Cold','2018-07-11','58953813.65506951',14),('2018-07-11','Common Cold','2018-07-11','5345012.141833405',15),('2018-07-11','Common Cold','2018-07-11','20329833.150603127',16),('2018-07-11','Common Cold','2018-07-11','25960751.378163572',17),('2018-07-11','Common Cold','2018-07-11','92408222.27782388',18),('2018-07-11','Common Cold','2018-07-11','18105693.726744797',19),('2018-07-11','Common Cold','2018-07-11','74302008.99396768',20),('2018-07-11','Common Cold','2018-07-11','79153011.87588035',21),('2018-07-11','Common Cold','2018-07-11','15926243.655634997',22),('2018-07-11','Common Cold','2018-07-11','93444892.6675022',23),('2018-07-11','Common Cold','2018-07-11','9230914.476941066',24),('2018-07-11','Common Cold','2018-07-11','21921256.67139443',25),('2018-07-11','Common Cold','2018-07-11','66496312.19633119',26),('2018-07-11','Common Cold','2018-07-11','83862864.55582497',27),('2018-07-11','Common Cold','2018-07-11','91259173.94319688',28),('2018-07-11','Common Cold','2018-07-11','68678126.79886205',29),('2018-07-11','Common Cold','2018-07-11','45676963.27403708',30),('2018-07-11','Common Cold','2018-07-11','85592889.83492744',31),('2018-07-11','Common Cold','2018-07-11','86337782.1988781',32),('2018-07-11','Common Cold','2018-07-11','77275174.1470483',33),('2018-07-11','Common Cold','2018-07-11','22349.03506624919',34),('2018-07-11','Common Cold','2018-07-11','82196139.2236262',35),('2018-07-11','Common Cold','2018-07-11','14854786.680556053',36),('2018-07-11','Common Cold','2018-07-11','89904767.41476639',37),('2018-07-11','Common Cold','2018-07-11','99784982.4746178',38),('2018-07-11','Common Cold','2018-07-11','10312022.663098276',39),('2018-07-11','Common Cold','2018-07-11','94111369.63943519',40),('2018-07-11','Common Cold','2018-07-11','68372188.61259659',41),('2018-07-11','Common Cold','2018-07-11','98248469.55493806',42),('2018-07-11','Common Cold','2018-07-11','22259434.59474611',43),('2018-07-11','Common Cold','2018-07-11','71161666.29351206',44),('2018-07-11','Common Cold','2018-07-11','42517811.204491295',45),('2018-07-11','Common Cold','2018-07-11','76234756.00945358',46),('2018-07-11','Common Cold','2018-07-11','93171860.45193708',47),('2018-07-11','Common Cold','2018-07-11','71538477.89998785',48),('2018-07-11','Common Cold','2018-07-11','85280955.9970214',49),('2018-07-11','Common Cold','2018-07-11','37235871.39730604',50),('2018-07-11','Common Cold','2018-07-11','34496170.88731872',51),('2018-07-11','Common Cold','2018-07-11','42899857.07382476',52),('2018-07-11','Common Cold','2018-07-11','23610625.306407373',53),('2018-07-11','Common Cold','2018-07-11','82774204.43942045',54),('2018-07-11','Common Cold','2018-07-11','44165004.899173744',55),('2018-07-11','Common Cold','2018-07-11','1143521.3826251011',56),('2018-07-11','Common Cold','2018-07-11','30161235.98909526',57),('2018-07-11','Common Cold','2018-07-11','12078357.820235908',58),('2018-07-11','Common Cold','2018-07-11','83469509.53961842',59),('2018-07-11','Common Cold','2018-07-11','83056395.97342485',60),('2018-07-11','Common Cold','2018-07-11','44637524.36226907',61),('2018-07-11','Common Cold','2018-07-11','2571095.614455976',62),('2018-07-11','Common Cold','2018-07-11','88323556.10731404',63),('2018-07-11','Common Cold','2018-07-11','64308077.820243284',64),('2018-07-11','Common Cold','2018-07-11','5904908.675253196',65),('2018-07-11','Common Cold','2018-07-11','68189374.70217775',66),('1800-01-01','Common-Cold','1800-01-01','admin',607),('1800-01-01','Common-Cold','1800-01-01','admin',608),('1800-01-01','Common-Cold','1800-01-01','admin',609),('1800-01-01','Common-Cold','1800-01-01','admin',610),('1800-01-01','Common-Cold','1800-01-01','admin',611),('1800-01-01','Common-Cold','1800-01-01','admin',612),('1800-01-01','Common-Cold','1800-01-01','admin',613),('1800-01-01','Common-Cold','1800-01-01','admin',614),('1800-01-01','Common-Cold','1800-01-01','admin',615),('1800-01-01','Common-Cold','1800-01-01','admin',616),('1800-01-01','Influenza-(Flu)','1800-01-01','admin',617),('1800-01-01','Influenza-(Flu)','1800-01-01','admin',618),('1800-01-01','Influenza-(Flu)','1800-01-01','admin',619),('1800-01-01','Influenza-(Flu)','1800-01-01','admin',620),('1800-01-01','Influenza-(Flu)','1800-01-01','admin',621),('1800-01-01','Influenza-(Flu)','1800-01-01','admin',622),('1800-01-01','Influenza-(Flu)','1800-01-01','admin',623),('1800-01-01','Influenza-(Flu)','1800-01-01','admin',624),('1800-01-01','Influenza-(Flu)','1800-01-01','admin',625),('1800-01-01','Influenza-(Flu)','1800-01-01','admin',626),('1800-01-01','Gastroenteritis-(Stomach-Flu)','1800-01-01','admin',627),('1800-01-01','Gastroenteritis-(Stomach-Flu)','1800-01-01','admin',628),('1800-01-01','Gastroenteritis-(Stomach-Flu)','1800-01-01','admin',629),('1800-01-01','Gastroenteritis-(Stomach-Flu)','1800-01-01','admin',630),('1800-01-01','Gastroenteritis-(Stomach-Flu)','1800-01-01','admin',631),('1800-01-01','Gastroenteritis-(Stomach-Flu)','1800-01-01','admin',632),('1800-01-01','Gastroenteritis-(Stomach-Flu)','1800-01-01','admin',633),('1800-01-01','Gastroenteritis-(Stomach-Flu)','1800-01-01','admin',634),('1800-01-01','Gastroenteritis-(Stomach-Flu)','1800-01-01','admin',635),('1800-01-01','Gastroenteritis-(Stomach-Flu)','1800-01-01','admin',636),('1800-01-01','Staph-Infection','1800-01-01','admin',637),('1800-01-01','Staph-Infection','1800-01-01','admin',638),('1800-01-01','Staph-Infection','1800-01-01','admin',639),('1800-01-01','Staph-Infection','1800-01-01','admin',640),('1800-01-01','Staph-Infection','1800-01-01','admin',641),('1800-01-01','Staph-Infection','1800-01-01','admin',642),('1800-01-01','Staph-Infection','1800-01-01','admin',643),('1800-01-01','Staph-Infection','1800-01-01','admin',644),('1800-01-01','Staph-Infection','1800-01-01','admin',645),('1800-01-01','Staph-Infection','1800-01-01','admin',646),('1800-01-01','Strep-Throat','1800-01-01','admin',647),('1800-01-01','Strep-Throat','1800-01-01','admin',648),('1800-01-01','Strep-Throat','1800-01-01','admin',649),('1800-01-01','Strep-Throat','1800-01-01','admin',650),('1800-01-01','Strep-Throat','1800-01-01','admin',651),('1800-01-01','Strep-Throat','1800-01-01','admin',652),('1800-01-01','Strep-Throat','1800-01-01','admin',653),('1800-01-01','Strep-Throat','1800-01-01','admin',654),('1800-01-01','Strep-Throat','1800-01-01','admin',655),('1800-01-01','Strep-Throat','1800-01-01','admin',656),('1800-01-01','Lyme-Disease','1800-01-01','admin',657),('1800-01-01','Lyme-Disease','1800-01-01','admin',658),('1800-01-01','Lyme-Disease','1800-01-01','admin',659),('1800-01-01','Lyme-Disease','1800-01-01','admin',660),('1800-01-01','Lyme-Disease','1800-01-01','admin',661),('1800-01-01','Lyme-Disease','1800-01-01','admin',662),('1800-01-01','Lyme-Disease','1800-01-01','admin',663),('1800-01-01','Lyme-Disease','1800-01-01','admin',664),('1800-01-01','Lyme-Disease','1800-01-01','admin',665),('1800-01-01','Lyme-Disease','1800-01-01','admin',666),('1800-01-01','Tuberculosis','1800-01-01','admin',667),('1800-01-01','Tuberculosis','1800-01-01','admin',668),('1800-01-01','Tuberculosis','1800-01-01','admin',669),('1800-01-01','Tuberculosis','1800-01-01','admin',670),('1800-01-01','Tuberculosis','1800-01-01','admin',671),('1800-01-01','Tuberculosis','1800-01-01','admin',672),('1800-01-01','Tuberculosis','1800-01-01','admin',673),('1800-01-01','Tuberculosis','1800-01-01','admin',674),('1800-01-01','Tuberculosis','1800-01-01','admin',675),('1800-01-01','Tuberculosis','1800-01-01','admin',676),('1800-01-01','Pink-Eye','1800-01-01','admin',677),('1800-01-01','Pink-Eye','1800-01-01','admin',678),('1800-01-01','Pink-Eye','1800-01-01','admin',679),('1800-01-01','Pink-Eye','1800-01-01','admin',680),('1800-01-01','Pink-Eye','1800-01-01','admin',681),('1800-01-01','Pink-Eye','1800-01-01','admin',682),('1800-01-01','Pink-Eye','1800-01-01','admin',683),('1800-01-01','Pink-Eye','1800-01-01','admin',684),('1800-01-01','Pink-Eye','1800-01-01','admin',685),('1800-01-01','Pink-Eye','1800-01-01','admin',686),('1800-01-01','Hand-Foot-and-Mouth','1800-01-01','admin',687),('1800-01-01','Hand-Foot-and-Mouth','1800-01-01','admin',688),('1800-01-01','Hand-Foot-and-Mouth','1800-01-01','admin',689),('1800-01-01','Hand-Foot-and-Mouth','1800-01-01','admin',690),('1800-01-01','Hand-Foot-and-Mouth','1800-01-01','admin',691),('1800-01-01','Hand-Foot-and-Mouth','1800-01-01','admin',692),('1800-01-01','Hand-Foot-and-Mouth','1800-01-01','admin',693),('1800-01-01','Hand-Foot-and-Mouth','1800-01-01','admin',694),('1800-01-01','Hand-Foot-and-Mouth','1800-01-01','admin',695),('1800-01-01','Hand-Foot-and-Mouth','1800-01-01','admin',696),('2018-07-21','Common-Cold','2018-07-21','ryan-bradford',697),('2018-07-21','Common-Cold','2018-07-21','ryan-bradford',698),('2018-07-24',NULL,'2018-07-24','ryan-bradford',699),('2018-07-24','Common Cold','2018-07-24','ryan-bradford',700),('2018-07-24','Common-Cold','2018-07-24','ryan-bradford',701),('2018-07-24','Common-Cold','2018-07-24','ryan-bradford',702),('2018-07-24','Common Cold','2018-07-24','ryan-bradford',703),('2018-07-24','Common Cold','2018-07-24','ryan-bradford',704),('2018-07-24','Common-Cold','2018-07-24','ryan-bradford',705),('2018-07-24','Common-Cold','2018-07-24','ryan-bradford',706),('2018-07-24','Common-Cold','2018-07-24','ryan-bradford',707),('2018-07-24','Common-Cold','2018-07-24','ryan-bradford',708),('2018-07-24','Common-Cold','2018-07-24','ryan-bradford',709),('2018-07-24','Common-Cold','2018-07-24','ryan-bradford',710),('2018-07-24','Common-Cold','2018-07-24','ryan-bradford',711),('2018-07-24','Common-Cold','2018-07-24','ryan-bradford',712),('2018-07-24','Common-Cold','2018-07-24','ryan-bradford',713),('2018-07-24','Common-Cold','2018-07-24','ryan-bradford',714),('2018-07-24','Common-Cold','2018-07-24','ryan-bradford',715),('2018-07-24','Common-Cold','2018-07-24','ryan-bradford',716),('2018-07-24','Common-Cold','2018-07-24','ryan-bradford',717),('2018-07-24','Common-Cold','2018-07-24','ryan-bradford',718),('2018-07-24','Common-Cold','2018-07-24','ryan-bradford',719),('2018-07-24','Common-Cold','2018-07-24','ryan-bradford',720),('2018-07-24','Common-Cold','2018-07-24','ryan-bradford',721),('2018-07-24','Common-Cold','2018-07-25','ryan-bradford',722),('2018-07-25','Common Cold','2018-07-25','ryan-bradford',723),('2018-07-25','Common Cold',NULL,'ryan-bradford',724);
/*!40000 ALTER TABLE `DISEASE` ENABLE KEYS */;
UNLOCK TABLES;

--
-- Table structure for table `DISEASE_SYMPTOM`
--

DROP TABLE IF EXISTS `DISEASE_SYMPTOM`;
/*!40101 SET @saved_cs_client     = @@character_set_client */;
 SET character_set_client = utf8mb4 ;
CREATE TABLE `DISEASE_SYMPTOM` (
  `diseaseID` int(11) NOT NULL,
  `symID` int(11) NOT NULL,
  PRIMARY KEY (`diseaseID`,`symID`),
  KEY `symID` (`symID`),
  CONSTRAINT `disease_symptom_ibfk_1` FOREIGN KEY (`diseaseID`) REFERENCES `disease` (`id`),
  CONSTRAINT `disease_symptom_ibfk_2` FOREIGN KEY (`symID`) REFERENCES `symptom` (`symid`)
) ENGINE=InnoDB DEFAULT CHARSET=utf8mb4 COLLATE=utf8mb4_0900_ai_ci;
/*!40101 SET character_set_client = @saved_cs_client */;

--
-- Dumping data for table `DISEASE_SYMPTOM`
--

LOCK TABLES `DISEASE_SYMPTOM` WRITE;
/*!40000 ALTER TABLE `DISEASE_SYMPTOM` DISABLE KEYS */;
INSERT INTO `DISEASE_SYMPTOM` VALUES (607,1),(608,1),(609,1),(610,1),(611,1),(612,1),(613,1),(614,1),(615,1),(616,1),(697,1),(698,1),(701,1),(702,1),(705,1),(707,1),(708,1),(709,1),(710,1),(711,1),(712,1),(713,1),(714,1),(715,1),(716,1),(717,1),(718,1),(719,1),(720,1),(721,1),(722,1),(607,2),(608,2),(609,2),(610,2),(611,2),(612,2),(613,2),(614,2),(615,2),(616,2),(617,2),(618,2),(619,2),(620,2),(621,2),(622,2),(623,2),(624,2),(625,2),(626,2),(627,2),(628,2),(629,2),(630,2),(631,2),(632,2),(633,2),(634,2),(635,2),(636,2),(637,2),(638,2),(639,2),(640,2),(641,2),(642,2),(643,2),(644,2),(645,2),(646,2),(647,2),(648,2),(649,2),(650,2),(651,2),(652,2),(653,2),(654,2),(655,2),(656,2),(657,2),(658,2),(659,2),(660,2),(661,2),(662,2),(663,2),(664,2),(665,2),(666,2),(698,2),(701,2),(705,2),(706,2),(707,2),(708,2),(709,2),(710,2),(711,2),(712,2),(713,2),(714,2),(715,2),(716,2),(717,2),(718,2),(719,2),(720,2),(721,2),(722,2),(2,3),(607,3),(608,3),(609,3),(610,3),(611,3),(612,3),(613,3),(614,3),(615,3),(616,3),(677,3),(678,3),(679,3),(680,3),(681,3),(682,3),(683,3),(684,3),(685,3),(686,3),(697,3),(701,3),(705,3),(706,3),(707,3),(708,3),(709,3),(710,3),(711,3),(712,3),(713,3),(714,3),(716,3),(717,3),(718,3),(719,3),(720,3),(721,3),(722,3),(2,4),(3,4),(4,4),(5,4),(6,4),(7,4),(8,4),(9,4),(10,4),(11,4),(12,4),(13,4),(14,4),(15,4),(16,4),(17,4),(18,4),(19,4),(20,4),(21,4),(22,4),(23,4),(24,4),(25,4),(26,4),(27,4),(28,4),(29,4),(30,4),(31,4),(32,4),(33,4),(34,4),(35,4),(36,4),(37,4),(38,4),(39,4),(40,4),(41,4),(42,4),(43,4),(44,4),(45,4),(46,4),(47,4),(48,4),(49,4),(50,4),(51,4),(52,4),(53,4),(54,4),(55,4),(56,4),(57,4),(58,4),(59,4),(60,4),(61,4),(62,4),(63,4),(64,4),(65,4),(66,4),(607,4),(608,4),(609,4),(610,4),(611,4),(612,4),(613,4),(614,4),(615,4),(616,4),(617,4),(618,4),(619,4),(620,4),(621,4),(622,4),(623,4),(624,4),(625,4),(626,4),(700,4),(703,4),(704,4),(723,4),(724,4),(607,5),(608,5),(609,5),(610,5),(611,5),(612,5),(613,5),(614,5),(615,5),(616,5),(647,5),(648,5),(649,5),(650,5),(651,5),(652,5),(653,5),(654,5),(655,5),(656,5),(657,5),(658,5),(659,5),(660,5),(661,5),(662,5),(663,5),(664,5),(665,5),(666,5),(687,5),(688,5),(689,5),(690,5),(691,5),(692,5),(693,5),(694,5),(695,5),(696,5),(700,5),(703,5),(704,5),(723,5),(724,5),(617,6),(618,6),(619,6),(620,6),(621,6),(622,6),(623,6),(624,6),(625,6),(626,6),(667,6),(668,6),(669,6),(670,6),(671,6),(672,6),(673,6),(674,6),(675,6),(676,6),(723,6),(724,6),(617,7),(618,7),(619,7),(620,7),(621,7),(622,7),(623,7),(624,7),(625,7),(626,7),(657,7),(658,7),(659,7),(660,7),(661,7),(662,7),(663,7),(664,7),(665,7),(666,7),(667,7),(668,7),(669,7),(670,7),(671,7),(672,7),(673,7),(674,7),(675,7),(676,7),(617,8),(618,8),(619,8),(620,8),(621,8),(622,8),(623,8),(624,8),(625,8),(626,8),(627,9),(628,9),(629,9),(630,9),(631,9),(632,9),(633,9),(634,9),(635,9),(636,9),(627,10),(628,10),(629,10),(630,10),(631,10),(632,10),(633,10),(634,10),(635,10),(636,10),(627,11),(628,11),(629,11),(630,11),(631,11),(632,11),(633,11),(634,11),(635,11),(636,11),(627,12),(628,12),(629,12),(630,12),(631,12),(632,12),(633,12),(634,12),(635,12),(636,12),(637,13),(638,13),(639,13),(640,13),(641,13),(642,13),(643,13),(644,13),(645,13),(646,13),(647,13),(648,13),(649,13),(650,13),(651,13),(652,13),(653,13),(654,13),(655,13),(656,13),(637,14),(638,14),(639,14),(640,14),(641,14),(642,14),(643,14),(644,14),(645,14),(646,14),(637,15),(638,15),(639,15),(640,15),(641,15),(642,15),(643,15),(644,15),(645,15),(646,15),(687,15),(688,15),(689,15),(690,15),(691,15),(692,15),(693,15),(694,15),(695,15),(696,15),(637,16),(638,16),(639,16),(640,16),(641,16),(642,16),(643,16),(644,16),(645,16),(646,16),(687,16),(688,16),(689,16),(690,16),(691,16),(692,16),(693,16),(694,16),(695,16),(696,16),(647,17),(648,17),(649,17),(650,17),(651,17),(652,17),(653,17),(654,17),(655,17),(656,17),(647,18),(648,18),(649,18),(650,18),(651,18),(652,18),(653,18),(654,18),(655,18),(656,18),(657,18),(658,18),(659,18),(660,18),(661,18),(662,18),(663,18),(664,18),(665,18),(666,18),(657,19),(658,19),(659,19),(660,19),(661,19),(662,19),(663,19),(664,19),(665,19),(666,19),(667,20),(668,20),(669,20),(670,20),(671,20),(672,20),(673,20),(674,20),(675,20),(676,20),(687,20),(688,20),(689,20),(690,20),(691,20),(692,20),(693,20),(694,20),(695,20),(696,20),(667,21),(668,21),(669,21),(670,21),(671,21),(672,21),(673,21),(674,21),(675,21),(676,21),(667,22),(668,22),(669,22),(670,22),(671,22),(672,22),(673,22),(674,22),(675,22),(676,22),(677,23),(678,23),(679,23),(680,23),(681,23),(682,23),(683,23),(684,23),(685,23),(686,23),(677,24),(678,24),(679,24),(680,24),(681,24),(682,24),(683,24),(684,24),(685,24),(686,24),(677,25),(678,25),(679,25),(680,25),(681,25),(682,25),(683,25),(684,25),(685,25),(686,25),(677,26),(678,26),(679,26),(680,26),(681,26),(682,26),(683,26),(684,26),(685,26),(686,26),(687,27),(688,27),(689,27),(690,27),(691,27),(692,27),(693,27),(694,27),(695,27),(696,27);
/*!40000 ALTER TABLE `DISEASE_SYMPTOM` ENABLE KEYS */;
UNLOCK TABLES;

--
-- Table structure for table `SYMPTOM`
--

DROP TABLE IF EXISTS `SYMPTOM`;
/*!40101 SET @saved_cs_client     = @@character_set_client */;
 SET character_set_client = utf8mb4 ;
CREATE TABLE `SYMPTOM` (
  `symID` int(11) NOT NULL,
  `description` varchar(10000) DEFAULT NULL,
  PRIMARY KEY (`symID`)
) ENGINE=InnoDB DEFAULT CHARSET=utf8mb4 COLLATE=utf8mb4_0900_ai_ci;
/*!40101 SET character_set_client = @saved_cs_client */;

--
-- Dumping data for table `SYMPTOM`
--

LOCK TABLES `SYMPTOM` WRITE;
/*!40000 ALTER TABLE `SYMPTOM` DISABLE KEYS */;
INSERT INTO `SYMPTOM` VALUES (0,'No Symptoms'),(1,'I have a runny nose'),(2,'I have a fever'),(3,'My eyes are watering'),(4,'I am sneezing a lot'),(5,'I have a headache'),(6,'I have chills'),(7,'I am fatigued'),(8,'I am congested'),(9,'I have vomited today'),(10,'I have diarrhea'),(11,'I am nauseous'),(12,'I have cramps'),(13,'I have swelling'),(14,'I am feeling very itchy'),(15,'I have a rash'),(16,'I have blisters'),(17,'I have a sore throat'),(18,'I am aching all over'),(19,'I have a bull\'s eye rash'),(20,'I have a cough'),(21,'I am sweating at night'),(22,'I am not hungry'),(23,'My eyes are itchy'),(24,'My eyes are red'),(25,'I have discharge'),(26,'My eyes are swelling'),(27,'I have mouth sores');
/*!40000 ALTER TABLE `SYMPTOM` ENABLE KEYS */;
UNLOCK TABLES;

--
-- Table structure for table `USER`
--

DROP TABLE IF EXISTS `USER`;
/*!40101 SET @saved_cs_client     = @@character_set_client */;
 SET character_set_client = utf8mb4 ;
CREATE TABLE `USER` (
  `deviceID` varchar(200) DEFAULT NULL,
  `latitude` varchar(200) DEFAULT NULL,
  `longitude` varchar(200) DEFAULT NULL,
  `username` varchar(200) NOT NULL,
  `password` varchar(200) DEFAULT NULL,
  `salt` varchar(200) DEFAULT NULL,
  `date_reg` date DEFAULT NULL,
  `dob` date DEFAULT NULL,
  `gender` varchar(20) DEFAULT NULL,
  `weight` varchar(5) DEFAULT NULL,
  `height` varchar(5) DEFAULT NULL,
  `does_smoke` tinyint(1) DEFAULT NULL,
  `has_hypertension` tinyint(1) DEFAULT NULL,
  `has_diabetes` tinyint(1) DEFAULT NULL,
  `has_high_cholesterol` tinyint(1) DEFAULT NULL,
  PRIMARY KEY (`username`)
) ENGINE=InnoDB DEFAULT CHARSET=utf8mb4 COLLATE=utf8mb4_0900_ai_ci;
/*!40101 SET character_set_client = @saved_cs_client */;

--
-- Dumping data for table `USER`
--

LOCK TABLES `USER` WRITE;
/*!40000 ALTER TABLE `USER` DISABLE KEYS */;
INSERT INTO `USER` VALUES (NULL,'1','1','10312022.663098276','$2a$10$rTKrFhQahBodJMuzWXaulutULuqpIksuFnggHMqkbeo.byAnNwV6i','$2a$10$rTKrFhQahBodJMuzWXaulu','2018-07-11','1981-03-02','Female',NULL,NULL,NULL,NULL,NULL,NULL),(NULL,'1','1','11068128.12952792','$2a$10$/udVd2Vawex0g2Y6fdXGiunkJxPpBON6G78S20A8hgEfq6rkWqGUi','$2a$10$/udVd2Vawex0g2Y6fdXGiu','2018-07-11','1981-03-02','Female',NULL,NULL,NULL,NULL,NULL,NULL),(NULL,'1','1','1143521.3826251011','$2a$10$0S3nub8tcwFeLSXjmvynq.0izh0EyqsUwFWFe/zmI9/.DAaw5aUGG','$2a$10$0S3nub8tcwFeLSXjmvynq.','2018-07-11','1981-03-02','Female',NULL,NULL,NULL,NULL,NULL,NULL),(NULL,'1','1','12078357.820235908','$2a$10$AAFk.7JMfu7vv1pKye4p6.jQXn.u6hssG9LbS2iXrjcCZXCUCgvXy','$2a$10$AAFk.7JMfu7vv1pKye4p6.','2018-07-11','1981-03-02','Female',NULL,NULL,NULL,NULL,NULL,NULL),(NULL,'1','1','14854786.680556053','$2a$10$Jdy.F/VKUg6ujp3wH/xwoeAozIzIC6c.kGVTm3eFHSdOdMW7QgqA.','$2a$10$Jdy.F/VKUg6ujp3wH/xwoe','2018-07-11','1981-03-02','Female',NULL,NULL,NULL,NULL,NULL,NULL),(NULL,'1','1','15926243.655634997','$2a$10$hlp3sSYebKinrXVAZuT3j.Am/.HhvkWVo91WTw6uFVpAm9pS0x2jK','$2a$10$hlp3sSYebKinrXVAZuT3j.','2018-07-11','1981-03-02','Female',NULL,NULL,NULL,NULL,NULL,NULL),(NULL,'1','1','18105693.726744797','$2a$10$r8eLWpAP67aTrsmXdkWLBekz3.DQBlbzX1y98Vv8tdGrGI1zyA.pq','$2a$10$r8eLWpAP67aTrsmXdkWLBe','2018-07-11','1981-03-02','Female',NULL,NULL,NULL,NULL,NULL,NULL),(NULL,'1','1','20329833.150603127','$2a$10$6EyA/Q4i10XenPFWkZTTV.XXuZVCvVVNZWatlyTukdZE3mS2DFKnu','$2a$10$6EyA/Q4i10XenPFWkZTTV.','2018-07-11','1981-03-02','Female',NULL,NULL,NULL,NULL,NULL,NULL),(NULL,'1','1','21921256.67139443','$2a$10$fWpieykdiQC2okrRp7ZQg.4R.LU7sLigBdLWmlNg2er7z6./7qhIC','$2a$10$fWpieykdiQC2okrRp7ZQg.','2018-07-11','1981-03-02','Female',NULL,NULL,NULL,NULL,NULL,NULL),(NULL,'1','1','22259434.59474611','$2a$10$AJCHsTQqKKgalmKW9Cq/X.sA9s7/2rCI3IqrAPcIuiYRj9Eu2Bcza','$2a$10$AJCHsTQqKKgalmKW9Cq/X.','2018-07-11','1981-03-02','Female',NULL,NULL,NULL,NULL,NULL,NULL),(NULL,'1','1','22349.03506624919','$2a$10$hHpMwGM.FHhRSDdv5dJ0u.jfe/3y5NU118cdDUeiGP.Kp7JeU/Ip2','$2a$10$hHpMwGM.FHhRSDdv5dJ0u.','2018-07-11','1981-03-02','Female',NULL,NULL,NULL,NULL,NULL,NULL),(NULL,'1','1','23610625.306407373','$2a$10$SitvDrDp52ZcMuORiIHPQeY/gNmBzdSkt7jcvkyPsauZmTkh2ZtQm','$2a$10$SitvDrDp52ZcMuORiIHPQe','2018-07-11','1981-03-02','Female',NULL,NULL,NULL,NULL,NULL,NULL),(NULL,'1','1','25505802.03553152','$2a$10$F.6iWMKKwPriJofuAohZvuaPbvXseMzQ/JRYuInlKifdmLKvVmPam','$2a$10$F.6iWMKKwPriJofuAohZvu','2018-07-11','1981-03-02','Female',NULL,NULL,NULL,NULL,NULL,NULL),(NULL,'1','1','2571095.614455976','$2a$10$C.ulxv4vpFjv9NN3kwBfluOfDahb6XiAQW.2Bz/efEjwIX4S99K3e','$2a$10$C.ulxv4vpFjv9NN3kwBflu','2018-07-11','1981-03-02','Female',NULL,NULL,NULL,NULL,NULL,NULL),(NULL,'1','1','25960751.378163572','$2a$10$Hgb8badiZZBtbrRhfHj2EuKZSqfwPyS917BKhJjGRcqAiGbPSKZ66','$2a$10$Hgb8badiZZBtbrRhfHj2Eu','2018-07-11','1981-03-02','Female',NULL,NULL,NULL,NULL,NULL,NULL),(NULL,'1','1','27202717.889116623','$2a$10$OFsiOSGh4mPQ5pF1Pzyo0uDaN/WsSGJHyBGM3wXGzXBKkay1PTPJm','$2a$10$OFsiOSGh4mPQ5pF1Pzyo0u','2018-07-11','1981-03-02','Female',NULL,NULL,NULL,NULL,NULL,NULL),(NULL,'1','1','30161235.98909526','$2a$10$jQA8imxfR8dqLjfa6h6Jze24cUZgZvzMp8DuvEqGSkTHWfAARtHFu','$2a$10$jQA8imxfR8dqLjfa6h6Jze','2018-07-11','1981-03-02','Female',NULL,NULL,NULL,NULL,NULL,NULL),(NULL,'1','1','34496170.88731872','$2a$10$984rLr6ijTepNePNTyOAM.dxkhl4yZrCvt7hoR.fHkYTdK6UcoDLa','$2a$10$984rLr6ijTepNePNTyOAM.','2018-07-11','1981-03-02','Female',NULL,NULL,NULL,NULL,NULL,NULL),(NULL,'1','1','37235871.39730604','$2a$10$YQVm/nAxfjkuB.TipemdWuubxhkU../1cGVvfUVxFiH724wD9G1wO','$2a$10$YQVm/nAxfjkuB.TipemdWu','2018-07-11','1981-03-02','Female',NULL,NULL,NULL,NULL,NULL,NULL),(NULL,'1','1','42517811.204491295','$2a$10$hEskVkPXulzQyMmr3h9pl.Yf5lDwVmV.nzNSGqVLKa4BGkpteONy2','$2a$10$hEskVkPXulzQyMmr3h9pl.','2018-07-11','1981-03-02','Female',NULL,NULL,NULL,NULL,NULL,NULL),(NULL,'1','1','42899857.07382476','$2a$10$Z8FJBxvCP26K3O24GiHUbuvd6bhiZJK02O6FPY0ivZRa9cN2ZDh6e','$2a$10$Z8FJBxvCP26K3O24GiHUbu','2018-07-11','1981-03-02','Female',NULL,NULL,NULL,NULL,NULL,NULL),(NULL,'1','1','43069916.57176189','$2a$10$Tm9QG1rCuIjENFsTosdxB.eYHfN6Zmg0HlU.OfgxG3ijeGwJ/SfTy','$2a$10$Tm9QG1rCuIjENFsTosdxB.','2018-07-11','1981-03-02','Female',NULL,NULL,NULL,NULL,NULL,NULL),(NULL,'1','1','44165004.899173744','$2a$10$J1cGhvGNh3rwTrMLj5cgK.AQkjynIuMArw2qP.wNHmvMFYtCQAOKK','$2a$10$J1cGhvGNh3rwTrMLj5cgK.','2018-07-11','1981-03-02','Female',NULL,NULL,NULL,NULL,NULL,NULL),(NULL,'1','1','44637524.36226907','$2a$10$VO7hHue5fVDkarpjJ.5SaeeioPHt.tC0VUy./b2K5w0IkLrojYbUC','$2a$10$VO7hHue5fVDkarpjJ.5Sae','2018-07-11','1981-03-02','Female',NULL,NULL,NULL,NULL,NULL,NULL),(NULL,'1','1','45676963.27403708','$2a$10$IN3MCxXbKkckeTSrt5iR4.UU153vMLK4sk8T7lD81sdEWxljsbOeG','$2a$10$IN3MCxXbKkckeTSrt5iR4.','2018-07-11','1981-03-02','Female',NULL,NULL,NULL,NULL,NULL,NULL),(NULL,'1','1','46137930.746882275','$2a$10$5xdVhHrsscwO2jJRukP0Heidm4CdNMv8ciW1OsWGIq2jt/52lDkGO','$2a$10$5xdVhHrsscwO2jJRukP0He','2018-07-11','1981-03-02','Female',NULL,NULL,NULL,NULL,NULL,NULL),(NULL,'1','1','46465633.91352786','$2a$10$fYiqoBp43Vqflz4k8uPH2OZdWUFqfJkht25tivniGOc3oetWnvi46','$2a$10$fYiqoBp43Vqflz4k8uPH2O','2018-07-11','1981-03-02','Female',NULL,NULL,NULL,NULL,NULL,NULL),(NULL,'1','1','48071873.7626456','$2a$10$0fRl05kRsFxEUpTk1vX9MeQnj89nDEKlphZnXt7tTfrPIBvp8kASe','$2a$10$0fRl05kRsFxEUpTk1vX9Me','2018-07-11','1981-03-02','Female',NULL,NULL,NULL,NULL,NULL,NULL),(NULL,'1','1','5345012.141833405','$2a$10$.o9h6pJPoikLoEM7AfLfI.txr94vz0kGH35BQ/m7EZ8tTSAN8N1rq','$2a$10$.o9h6pJPoikLoEM7AfLfI.','2018-07-11','1981-03-02','Female',NULL,NULL,NULL,NULL,NULL,NULL),(NULL,'1','1','58953813.65506951','$2a$10$iPPqUjB1dabqBYxw77DGdO5R0st8NdIfzPbvJcw1M8B6TdAzYT8cS','$2a$10$iPPqUjB1dabqBYxw77DGdO','2018-07-11','1981-03-02','Female',NULL,NULL,NULL,NULL,NULL,NULL),(NULL,'1','1','5904908.675253196','$2a$10$5WJGFhUbRkED5cmVrpnt1OtbMJNSmcxfdQmKeStMTeZda7KyVyi9G','$2a$10$5WJGFhUbRkED5cmVrpnt1O','2018-07-11','1981-03-02','Female',NULL,NULL,NULL,NULL,NULL,NULL),(NULL,'1','1','64308077.820243284','$2a$10$0KOAvwudjL580RWQJO6oWOzl6p/eyZRweNjH7o3WUGXukU1rOIVrW','$2a$10$0KOAvwudjL580RWQJO6oWO','2018-07-11','1981-03-02','Female',NULL,NULL,NULL,NULL,NULL,NULL),(NULL,'1','1','66496312.19633119','$2a$10$bJ0w8bnVbQpWKgwAnMtyyuAa9iZyfg2nmzUqiodBDRncrSD2ntCfa','$2a$10$bJ0w8bnVbQpWKgwAnMtyyu','2018-07-11','1981-03-02','Female',NULL,NULL,NULL,NULL,NULL,NULL),(NULL,'1','1','68189374.70217775','$2a$10$rSyDr1/CV4dhU6R9JJwi7O1ta1S/Ih8GMEDWBIC7aOaldXzaYy5aG','$2a$10$rSyDr1/CV4dhU6R9JJwi7O','2018-07-11','1981-03-02','Female',NULL,NULL,NULL,NULL,NULL,NULL),(NULL,'1','1','68372188.61259659','$2a$10$Fk8PM.7oqSRc5V07CAMOeOhpezT6IJQdmGdWQQ39ZpJsh8MN72UE2','$2a$10$Fk8PM.7oqSRc5V07CAMOeO','2018-07-11','1981-03-02','Female',NULL,NULL,NULL,NULL,NULL,NULL),(NULL,'1','1','68678126.79886205','$2a$10$RYbuanD2C8ebism.M95z8u6Eea7YR/iM3ktRtmIURiJ4G8jNLL5HO','$2a$10$RYbuanD2C8ebism.M95z8u','2018-07-11','1981-03-02','Female',NULL,NULL,NULL,NULL,NULL,NULL),(NULL,'1','1','69309023.46450552','$2a$10$wiq67zgoduOkC3WKBjrWH.OUL9o3rvscpC1UrrEPNZXy3kHMWhxTy','$2a$10$wiq67zgoduOkC3WKBjrWH.','2018-07-11','1981-03-02','Female',NULL,NULL,NULL,NULL,NULL,NULL),(NULL,'1','1','71161666.29351206','$2a$10$EK2YW48ol2SeJzqGhUyXMuYTb0Bu/4lKl19QzWLtK6UknIfUcMtda','$2a$10$EK2YW48ol2SeJzqGhUyXMu','2018-07-11','1981-03-02','Female',NULL,NULL,NULL,NULL,NULL,NULL),(NULL,'1','1','71538477.89998785','$2a$10$./0d0TYW9O7B37dd66GMoO1inP44fImKsLSYGSLpyCZqiERxg8PUK','$2a$10$./0d0TYW9O7B37dd66GMoO','2018-07-11','1981-03-02','Female',NULL,NULL,NULL,NULL,NULL,NULL),(NULL,'1','1','74302008.99396768','$2a$10$4ee3VljiB6c9gFQjgCSNdOsWV4BalSksuHMecEQgnrqh/XVzV0iEG','$2a$10$4ee3VljiB6c9gFQjgCSNdO','2018-07-11','1981-03-02','Female',NULL,NULL,NULL,NULL,NULL,NULL),(NULL,'1','1','75534506.47626135','$2a$10$ZJzPiGfJv6BvMNt4ALA04OLLe/YHCakbKdaEkCb7CMqx9jcgnW5Te','$2a$10$ZJzPiGfJv6BvMNt4ALA04O','2018-07-11','1981-03-02','Female',NULL,NULL,NULL,NULL,NULL,NULL),(NULL,'1','1','76234756.00945358','$2a$10$H3XwPFMafeE5LtID1sg2luwPyM9BXbV56KP1x32r4VdL/qea.XxZK','$2a$10$H3XwPFMafeE5LtID1sg2lu','2018-07-11','1981-03-02','Female',NULL,NULL,NULL,NULL,NULL,NULL),(NULL,'1','1','77275174.1470483','$2a$10$E4712x4OPXcSRXrVdpd2VeD0WebpDi.WhNN6sBJzYIHROBLMgLPeC','$2a$10$E4712x4OPXcSRXrVdpd2Ve','2018-07-11','1981-03-02','Female',NULL,NULL,NULL,NULL,NULL,NULL),(NULL,'1','1','79153011.87588035','$2a$10$9LkQs.8oTEWJRXDMLFK00e7jaiH7Wa/rQ1oUNeKRN2A0xsiccCJ3C','$2a$10$9LkQs.8oTEWJRXDMLFK00e','2018-07-11','1981-03-02','Female',NULL,NULL,NULL,NULL,NULL,NULL),(NULL,'1','1','81965616.38656068','$2a$10$6qcHEoa6WawRtmvLMaPS7O43KfFqUvhS9D7O6KTvCPG53G1uDTxVm','$2a$10$6qcHEoa6WawRtmvLMaPS7O','2018-07-11','1981-03-02','Female',NULL,NULL,NULL,NULL,NULL,NULL),(NULL,'1','1','82196139.2236262','$2a$10$aEo5Cqy6gpFdv4LVsXe/WOD4vDbkSj41c1Nm41pfUgYNaEx238hQy','$2a$10$aEo5Cqy6gpFdv4LVsXe/WO','2018-07-11','1981-03-02','Female',NULL,NULL,NULL,NULL,NULL,NULL),(NULL,'1','1','82774204.43942045','$2a$10$Y7m2O8Jc8uSwgYCEFez2c.jziTYpYmIfwvkg6Ct0amXUJH4sA46Dm','$2a$10$Y7m2O8Jc8uSwgYCEFez2c.','2018-07-11','1981-03-02','Female',NULL,NULL,NULL,NULL,NULL,NULL),(NULL,'1','1','83056395.97342485','$2a$10$Jiqmr5pwXBN0YKfHbrS4A.xZ6bawjEnzxh65UTFoLlBT5JQacDfou','$2a$10$Jiqmr5pwXBN0YKfHbrS4A.','2018-07-11','1981-03-02','Female',NULL,NULL,NULL,NULL,NULL,NULL),(NULL,'1','1','83181717.32271075','$2a$10$Oi0zobn1Ro8syquxzF6f3.zsD91nPwLxZgHAQGFeQ0r2LUkLFu5ji','$2a$10$Oi0zobn1Ro8syquxzF6f3.','2018-07-11','1981-03-02','Female',NULL,NULL,NULL,NULL,NULL,NULL),(NULL,'1','1','83374185.88696666','$2a$10$qcplv3xjzbIs0gE0PX5Jr.f8vE08FqBd6bI23aubdhmRc5WygzgSu','$2a$10$qcplv3xjzbIs0gE0PX5Jr.','2018-07-11','1981-03-02','Female',NULL,NULL,NULL,NULL,NULL,NULL),(NULL,'1','1','83469509.53961842','$2a$10$ytp18qeirIGtaMm17J8a3uJI4rExmeC7T8rjnhkIKrsugT2u0hr1u','$2a$10$ytp18qeirIGtaMm17J8a3u','2018-07-11','1981-03-02','Female',NULL,NULL,NULL,NULL,NULL,NULL),(NULL,'1','1','83862864.55582497','$2a$10$oKiKV26EvqhFeYIEfaHl9eclcN72roM.MVx3SKgavTxb6rh1aX8xy','$2a$10$oKiKV26EvqhFeYIEfaHl9e','2018-07-11','1981-03-02','Female',NULL,NULL,NULL,NULL,NULL,NULL),(NULL,'1','1','84116028.90200457','$2a$10$vHXfNpo7bAwL4SpsztquH.es2/Hdi9Ub.OVY8kF5EQ6A9f4vYUzQy','$2a$10$vHXfNpo7bAwL4SpsztquH.','2018-07-11','1981-03-02','Female',NULL,NULL,NULL,NULL,NULL,NULL),(NULL,'1','1','85280955.9970214','$2a$10$KcH3tFn0Y6xM9LC7H.wIa.fvEz2b9HpiS3Epg5EGTDDWMlNYhMB2S','$2a$10$KcH3tFn0Y6xM9LC7H.wIa.','2018-07-11','1981-03-02','Female',NULL,NULL,NULL,NULL,NULL,NULL),(NULL,'1','1','85592889.83492744','$2a$10$epv3HWrM2TiNXuK7wAZOruOnsQP8KgoIS7wjO8jNYnZqxIUKybhtW','$2a$10$epv3HWrM2TiNXuK7wAZOru','2018-07-11','1981-03-02','Female',NULL,NULL,NULL,NULL,NULL,NULL),(NULL,'1','1','86337782.1988781','$2a$10$nGmcozKiEu/dbFk0c8hhl..o6oCZMVpgwitCN5mY3qjDKIPofhVui','$2a$10$nGmcozKiEu/dbFk0c8hhl.','2018-07-11','1981-03-02','Female',NULL,NULL,NULL,NULL,NULL,NULL),(NULL,'1','1','88323556.10731404','$2a$10$ZcMqMzHRm2l7hFw7Q7aWw.hZz/KQgIcuJoLTkBtMdDqLw9GYk6Cu6','$2a$10$ZcMqMzHRm2l7hFw7Q7aWw.','2018-07-11','1981-03-02','Female',NULL,NULL,NULL,NULL,NULL,NULL),(NULL,'1','1','89904767.41476639','$2a$10$8e3gzcxr1q5i5C0gW8Usnu5BZRsDBc5dIFWL2jWCwCqWdGnqeIK8u','$2a$10$8e3gzcxr1q5i5C0gW8Usnu','2018-07-11','1981-03-02','Female',NULL,NULL,NULL,NULL,NULL,NULL),(NULL,'1','1','91259173.94319688','$2a$10$4ugVllgibDkCqQNJVjASUedLczkEbDcynhoaEOhKsTjUX.wj9/bNW','$2a$10$4ugVllgibDkCqQNJVjASUe','2018-07-11','1981-03-02','Female',NULL,NULL,NULL,NULL,NULL,NULL),(NULL,'1','1','9230914.476941066','$2a$10$sVTI9TPBLqZ4PVjXtZCL/e87Al9EPeMdjDg0DgCEb7gZVtfdTINs2','$2a$10$sVTI9TPBLqZ4PVjXtZCL/e','2018-07-11','1981-03-02','Female',NULL,NULL,NULL,NULL,NULL,NULL),(NULL,'1','1','92408222.27782388','$2a$10$i92oaLYH6qMSo4azrDoMOOyt9XpSJkPlvsR1vdbEn0s.kqwizQi4C','$2a$10$i92oaLYH6qMSo4azrDoMOO','2018-07-11','1981-03-02','Female',NULL,NULL,NULL,NULL,NULL,NULL),(NULL,'1','1','93171860.45193708','$2a$10$d6LI8nlAuZgrn2hM25s1peWE9AKgXE4jCbZ3/y.cpOw.tbXZX7476','$2a$10$d6LI8nlAuZgrn2hM25s1pe','2018-07-11','1981-03-02','Female',NULL,NULL,NULL,NULL,NULL,NULL),(NULL,'1','1','93444892.6675022','$2a$10$HtQYmkRa3rv2N53ejtPaLeh/HHmwsptehZIZactnB9XFJif4WGiji','$2a$10$HtQYmkRa3rv2N53ejtPaLe','2018-07-11','1981-03-02','Female',NULL,NULL,NULL,NULL,NULL,NULL),(NULL,'1','1','94111369.63943519','$2a$10$vnWN3wGCOw.XQy6cTvee2.jVbLP2wouSpllUMJy/wwQrENWKOlHni','$2a$10$vnWN3wGCOw.XQy6cTvee2.','2018-07-11','1981-03-02','Female',NULL,NULL,NULL,NULL,NULL,NULL),(NULL,'1','1','98248469.55493806','$2a$10$BgS7mTzy7VOfkuFqKQV60u5/HOs1kWkrwNO1UN44O4kTKKRYLExXa','$2a$10$BgS7mTzy7VOfkuFqKQV60u','2018-07-11','1981-03-02','Female',NULL,NULL,NULL,NULL,NULL,NULL),(NULL,'1','1','99784982.4746178','$2a$10$6QCD1HkggRjxm8JmukFjfuz.D8vGkoeiPuy5coOXCqilY/sU4Cyr6','$2a$10$6QCD1HkggRjxm8JmukFjfu','2018-07-11','1981-03-02','Female',NULL,NULL,NULL,NULL,NULL,NULL),('','1','1','admin','$2a$10$VXGVwbyUEuqlEjcPZQHe8u04/jVUsefCwC49XY0.1Na8u316eiCo.','$2a$10$VXGVwbyUEuqlEjcPZQHe8u','2018-07-12','1800-01-01','Female',NULL,NULL,NULL,NULL,NULL,NULL),('12121','42.48','-71.06','ryan-bradford','PAgudnrVNi6lU','$2b$10$60zRsjUz1tXU8fsVS8MaoO','2017-06-12','1999-05-05','Male',NULL,NULL,NULL,NULL,NULL,NULL),('null','40.76','-73.94','ryan1','$2b$10$gEPVeDR7iLBBZWCbT/LUnOTwW20U2fplXUjph2ZZRijw5tpCzornm','$2b$10$gEPVeDR7iLBBZWCbT/LUnO','2018-07-04',NULL,'Female',NULL,NULL,NULL,NULL,NULL,NULL),('null','42.48','-71.05','ryan111','$2a$10$j0ss8Ie80QgRy8YEHu2WMeXajo2mhR1fy9nXEEpRPeT1ysprddequ','$2a$10$j0ss8Ie80QgRy8YEHu2WMe','2018-07-26','2010-07-28','Other',NULL,NULL,NULL,NULL,NULL,NULL),('null','42.379999999999995','-71.05','testerrrr','$2a$10$brvy5UktWf.xiXJWW/G0fO3ljRM6ZhrHu/oiID.kPwQERer0PjWu.','$2a$10$brvy5UktWf.xiXJWW/G0fO','2018-07-26','2017-07-26','Other',NULL,NULL,NULL,NULL,NULL,NULL);
/*!40000 ALTER TABLE `USER` ENABLE KEYS */;
UNLOCK TABLES;
/*!40103 SET TIME_ZONE=@OLD_TIME_ZONE */;

/*!40101 SET SQL_MODE=@OLD_SQL_MODE */;
/*!40014 SET FOREIGN_KEY_CHECKS=@OLD_FOREIGN_KEY_CHECKS */;
/*!40014 SET UNIQUE_CHECKS=@OLD_UNIQUE_CHECKS */;
/*!40101 SET CHARACTER_SET_CLIENT=@OLD_CHARACTER_SET_CLIENT */;
/*!40101 SET CHARACTER_SET_RESULTS=@OLD_CHARACTER_SET_RESULTS */;
/*!40101 SET COLLATION_CONNECTION=@OLD_COLLATION_CONNECTION */;
/*!40111 SET SQL_NOTES=@OLD_SQL_NOTES */;

-- Dump completed on 2018-07-26 13:37:54
